{"cameraMode":{"drawMode":0,"name":"Shaded","section":"Shading Mode"},"sceneLighting":true,"audioPlay":false,"sceneViewState":{"m_AlwaysRefresh":false,"showFog":true,"showSkybox":true,"showFlares":true,"showImageEffects":true,"showParticleSystems":true,"showVisualEffectGraphs":true,"m_FxEnabled":true},"in2DMode":false,"pivot":{"x":0.13858994841575623,"y":-1.4272514581680298,"z":1.914337396621704},"rotation":{"x":0.4804275631904602,"y":-0.04600413516163826,"z":0.025245700031518937,"w":0.8754637837409973},"size":4.550316333770752,"orthographic":false}